{
    "binary_classification_non_lin(1).csv": {
        "LinearRegression": {
            "accuracy": 0.76875,
            "time_to_convergence": 0.0006220340728759766,
            "time_per_prediction": 1.1920928955078126e-08
        },
        "Perceptron": {
            "accuracy": 0.7,
            "time_to_convergence": 1.5160303115844727,
            "time_per_prediction": 1.2665987014770508e-07
        }
    },
    "binary_classification.csv": {
        "LinearRegression": {
            "accuracy": 0.8583333333333333,
            "time_to_convergence": 0.0005443096160888672,
            "time_per_prediction": 1.5894571940104166e-08
        },
        "Perceptron": {
            "accuracy": 0.85,
            "time_to_convergence": 1.0821471214294434,
            "time_per_prediction": 1.808007558186849e-07
        }
    }
}